{
  "profiles": [
    {
      "timestamp": "2026-02-19T09:54:04.347Z",
      "profile": "desktop-baseline",
      "dmIterations": 200,
      "groupIterations": 200,
      "nodeOptions": null,
      "resource": {
        "elapsed": 3.64,
        "user": 7.13,
        "sys": 1.6,
        "maxrss_kb": 159136
      },
      "dm": {
        "encrypt": {
          "count": 200,
          "min": 0.018747999999959575,
          "max": 1.1748820000002524,
          "mean": 0.043519299999993565,
          "p50": 0.022778999999900407,
          "p95": 0.08775999999988926,
          "p99": 0.436909999999898
        },
        "decryptStrict": {
          "count": 200,
          "min": 0.05327000000033877,
          "max": 2.609458999999788,
          "mean": 0.10889048999999887,
          "p50": 0.07233899999982896,
          "p95": 0.18585200000006807,
          "p99": 0.5221730000002935
        },
        "decryptCompatibility": {
          "count": 200,
          "min": 0.049782000000050175,
          "max": 0.35846100000026127,
          "mean": 0.07521681999998692,
          "p50": 0.06977899999992587,
          "p95": 0.10641099999975268,
          "p99": 0.18022199999995792
        },
        "compatibilityOverhead": {
          "p50": -0.0025599999999030842,
          "p95": -0.0794410000003154,
          "p99": -0.3419510000003356
        }
      },
      "group": {
        "addMemberRekey": {
          "count": 200,
          "min": 0.012701999999990221,
          "max": 1.2446610000001783,
          "mean": 0.03795637500000566,
          "p50": 0.015644999999949505,
          "p95": 0.10145300000021962,
          "p99": 0.4099390000001222
        },
        "removeMemberRekey": {
          "count": 200,
          "min": 0.01033400000005713,
          "max": 0.227476999999908,
          "mean": 0.023484020000003058,
          "p50": 0.014108999999734806,
          "p95": 0.07269099999984974,
          "p99": 0.15705899999966277
        },
        "churnBatchRekey": {
          "count": 200,
          "min": 0.008766999999807013,
          "max": 0.45121100000005754,
          "mean": 0.018176419999997508,
          "p50": 0.011614000000008673,
          "p95": 0.02735500000017055,
          "p99": 0.17471900000009555
        },
        "combinedMembershipRekey": {
          "count": 400,
          "min": 0.01033400000005713,
          "max": 1.2446610000001783,
          "mean": 0.030720197500004362,
          "p50": 0.015133000000332686,
          "p95": 0.07531399999970745,
          "p99": 0.34223999999994703
        }
      }
    },
    {
      "timestamp": "2026-02-19T09:54:09.034Z",
      "profile": "desktop-constrained",
      "dmIterations": 200,
      "groupIterations": 200,
      "nodeOptions": "--max-old-space-size=256",
      "resource": {
        "elapsed": 3.64,
        "user": 7.52,
        "sys": 1.55,
        "maxrss_kb": 153036
      },
      "dm": {
        "encrypt": {
          "count": 200,
          "min": 0.02543500000001586,
          "max": 1.3717759999999544,
          "mean": 0.05149233000001232,
          "p50": 0.03391400000009526,
          "p95": 0.08788799999956609,
          "p99": 0.17244800000025862
        },
        "decryptStrict": {
          "count": 200,
          "min": 0.07073899999977584,
          "max": 1.168517999999949,
          "mean": 0.09704416000000719,
          "p50": 0.08200100000021848,
          "p95": 0.15219500000011976,
          "p99": 0.22479000000021188
        },
        "decryptCompatibility": {
          "count": 200,
          "min": 0.06222799999977724,
          "max": 0.42996699999957855,
          "mean": 0.0822627449999959,
          "p50": 0.07464300000037838,
          "p95": 0.10295700000006036,
          "p99": 0.3435519999998178
        },
        "compatibilityOverhead": {
          "p50": -0.0073579999998401036,
          "p95": -0.0492380000000594,
          "p99": 0.1187619999996059
        }
      },
      "group": {
        "addMemberRekey": {
          "count": 200,
          "min": 0.01500499999974636,
          "max": 1.4835630000002311,
          "mean": 0.03530265999999983,
          "p50": 0.017659999999978027,
          "p95": 0.07723399999986214,
          "p99": 0.2579040000000532
        },
        "removeMemberRekey": {
          "count": 200,
          "min": 0.012349999999969441,
          "max": 0.21887100000003556,
          "mean": 0.01958590499998081,
          "p50": 0.014397999999800959,
          "p95": 0.04955900000004476,
          "p99": 0.10708399999975882
        },
        "churnBatchRekey": {
          "count": 200,
          "min": 0.011933999999655498,
          "max": 0.4052999999998974,
          "mean": 0.026336009999999986,
          "p50": 0.01618899999994028,
          "p95": 0.055253999999877124,
          "p99": 0.26391899999998714
        },
        "combinedMembershipRekey": {
          "count": 400,
          "min": 0.012349999999969441,
          "max": 1.4835630000002311,
          "mean": 0.027444282499990324,
          "p50": 0.016701000000011845,
          "p95": 0.06088499999987107,
          "p99": 0.21887100000003556
        }
      }
    }
  ]
}
